code3,country,region,year,visa_free_count
AFG,Afghanistan,ASIA,2020,26.0
AFG,Afghanistan,ASIA,2021,26.0
AFG,Afghanistan,ASIA,2022,26.0
AGO,Angola,AFRICA,2020,50.0
AGO,Angola,AFRICA,2021,50.0
AGO,Angola,AFRICA,2022,50.0
ALB,Albania,EUROPE,2020,114.0
ALB,Albania,EUROPE,2021,113.0
ALB,Albania,EUROPE,2022,114.0
AND,Andorra,EUROPE,2020,167.0
AND,Andorra,EUROPE,2021,168.0
AND,Andorra,EUROPE,2022,168.0
ARE,United Arab Emirates,MIDDLE EAST,2020,170.0
ARE,United Arab Emirates,MIDDLE EAST,2021,174.0
ARE,United Arab Emirates,MIDDLE EAST,2022,175.0
ARG,Argentina,AMERICAS,2020,170.0
ARG,Argentina,AMERICAS,2021,170.0
ARG,Argentina,AMERICAS,2022,170.0
ARM,Armenia,MIDDLE EAST,2020,63.0
ARM,Armenia,MIDDLE EAST,2021,64.0
ARM,Armenia,MIDDLE EAST,2022,65.0
ATG,Antigua and Barbuda,CARIBBEAN,2020,151.0
ATG,Antigua and Barbuda,CARIBBEAN,2021,150.0
ATG,Antigua and Barbuda,CARIBBEAN,2022,150.0
AUS,Australia,OCEANIA,2020,184.0
AUS,Australia,OCEANIA,2021,184.0
AUS,Australia,OCEANIA,2022,185.0
AUT,Austria,EUROPE,2020,187.0
AUT,Austria,EUROPE,2021,188.0
AUT,Austria,EUROPE,2022,188.0
AZE,Azerbaijan,EUROPE,2020,67.0
AZE,Azerbaijan,EUROPE,2021,68.0
AZE,Azerbaijan,EUROPE,2022,69.0
BDI,Burundi,AFRICA,2020,50.0
BDI,Burundi,AFRICA,2021,51.0
BDI,Burundi,AFRICA,2022,51.0
BEL,Belgium,EUROPE,2020,185.0
BEL,Belgium,EUROPE,2021,186.0
BEL,Belgium,EUROPE,2022,186.0
BEN,Benin,AFRICA,2020,62.0
BEN,Benin,AFRICA,2021,61.0
BEN,Benin,AFRICA,2022,61.0
BFA,Burkina Faso,AFRICA,2020,59.0
BFA,Burkina Faso,AFRICA,2021,58.0
BFA,Burkina Faso,AFRICA,2022,58.0
BGD,Bangladesh,ASIA,2020,41.0
BGD,Bangladesh,ASIA,2021,40.0
BGD,Bangladesh,ASIA,2022,40.0
BGR,Bulgaria,EUROPE,2020,171.0
BGR,Bulgaria,EUROPE,2021,173.0
BGR,Bulgaria,EUROPE,2022,173.0
BHR,Bahrain,MIDDLE EAST,2020,83.0
BHR,Bahrain,MIDDLE EAST,2021,84.0
BHR,Bahrain,MIDDLE EAST,2022,84.0
BHS,Bahamas,CARIBBEAN,2020,155.0
BHS,Bahamas,CARIBBEAN,2021,155.0
BHS,Bahamas,CARIBBEAN,2022,155.0
BIH,Bosnia and Herzegovina,EUROPE,2020,117.0
BIH,Bosnia and Herzegovina,EUROPE,2021,116.0
BIH,Bosnia and Herzegovina,EUROPE,2022,117.0
BLR,Belarus,EUROPE,2020,75.0
BLR,Belarus,EUROPE,2021,78.0
BLR,Belarus,EUROPE,2022,79.0
BLZ,Belize,AMERICAS,2020,101.0
BLZ,Belize,AMERICAS,2021,101.0
BLZ,Belize,AMERICAS,2022,101.0
BOL,Bolivia,AMERICAS,2020,78.0
BOL,Bolivia,AMERICAS,2021,79.0
BOL,Bolivia,AMERICAS,2022,79.0
BRA,Brazil,AMERICAS,2020,170.0
BRA,Brazil,AMERICAS,2021,170.0
BRA,Brazil,AMERICAS,2022,169.0
BRB,Barbados,CARIBBEAN,2020,161.0
BRB,Barbados,CARIBBEAN,2021,161.0
BRB,Barbados,CARIBBEAN,2022,161.0
BRN,Brunei,ASIA,2020,166.0
BRN,Brunei,ASIA,2021,166.0
BRN,Brunei,ASIA,2022,166.0
BTN,Bhutan,ASIA,2020,53.0
BTN,Bhutan,ASIA,2021,52.0
BTN,Bhutan,ASIA,2022,53.0
BWA,Botswana,AFRICA,2020,85.0
BWA,Botswana,AFRICA,2021,86.0
BWA,Botswana,AFRICA,2022,86.0
CAF,Central African Republic,AFRICA,2020,52.0
CAF,Central African Republic,AFRICA,2021,52.0
CAF,Central African Republic,AFRICA,2022,52.0
CAN,Canada,AMERICAS,2020,183.0
CAN,Canada,AMERICAS,2021,184.0
CAN,Canada,AMERICAS,2022,185.0
CHE,Switzerland,EUROPE,2020,185.0
CHE,Switzerland,EUROPE,2021,186.0
CHE,Switzerland,EUROPE,2022,186.0
CHL,Chile,AMERICAS,2020,174.0
CHL,Chile,AMERICAS,2021,174.0
CHL,Chile,AMERICAS,2022,174.0
CHN,China,ASIA,2020,75.0
CHN,China,ASIA,2021,79.0
CHN,China,ASIA,2022,80.0
CIV,Cote d'Ivoire,AFRICA,2020,57.0
CIV,Cote d'Ivoire,AFRICA,2021,56.0
CIV,Cote d'Ivoire,AFRICA,2022,56.0
CMR,Cameroon,AFRICA,2020,49.0
CMR,Cameroon,AFRICA,2021,50.0
CMR,Cameroon,AFRICA,2022,50.0
COD,Congo (Dem. Rep.),AFRICA,2020,42.0
COD,Congo (Dem. Rep.),AFRICA,2021,42.0
COD,Congo (Dem. Rep.),AFRICA,2022,42.0
COG,Congo (Rep.),AFRICA,2020,48.0
COG,Congo (Rep.),AFRICA,2021,48.0
COG,Congo (Rep.),AFRICA,2022,48.0
COL,Colombia,AMERICAS,2020,127.0
COL,Colombia,AMERICAS,2021,129.0
COL,Colombia,AMERICAS,2022,131.0
COM,Comoro Islands,AFRICA,2020,53.0
COM,Comoro Islands,AFRICA,2021,53.0
COM,Comoro Islands,AFRICA,2022,53.0
CPV,Cape Verde Islands,AFRICA,2020,66.0
CPV,Cape Verde Islands,AFRICA,2021,66.0
CPV,Cape Verde Islands,AFRICA,2022,66.0
CRI,Costa Rica,AMERICAS,2020,150.0
CRI,Costa Rica,AMERICAS,2021,149.0
CRI,Costa Rica,AMERICAS,2022,150.0
CUB,Cuba,CARIBBEAN,2020,64.0
CUB,Cuba,CARIBBEAN,2021,63.0
CUB,Cuba,CARIBBEAN,2022,64.0
CYP,Cyprus,EUROPE,2020,174.0
CYP,Cyprus,EUROPE,2021,176.0
CYP,Cyprus,EUROPE,2022,176.0
CZE,Czechia,EUROPE,2020,184.0
CZE,Czechia,EUROPE,2021,185.0
CZE,Czechia,EUROPE,2022,185.0
DEU,Germany,EUROPE,2020,189.0
DEU,Germany,EUROPE,2021,190.0
DEU,Germany,EUROPE,2022,190.0
DJI,Djibouti,AFRICA,2020,47.0
DJI,Djibouti,AFRICA,2021,47.0
DJI,Djibouti,AFRICA,2022,47.0
DMA,Dominica,CARIBBEAN,2020,141.0
DMA,Dominica,CARIBBEAN,2021,143.0
DMA,Dominica,CARIBBEAN,2022,144.0
DNK,Denmark,EUROPE,2020,187.0
DNK,Denmark,EUROPE,2021,188.0
DNK,Denmark,EUROPE,2022,188.0
DOM,Dominican Republic,CARIBBEAN,2020,66.0
DOM,Dominican Republic,CARIBBEAN,2021,69.0
DOM,Dominican Republic,CARIBBEAN,2022,70.0
DZA,Algeria,AFRICA,2020,51.0
DZA,Algeria,AFRICA,2021,52.0
DZA,Algeria,AFRICA,2022,52.0
ECU,Ecuador,AMERICAS,2020,91.0
ECU,Ecuador,AMERICAS,2021,91.0
ECU,Ecuador,AMERICAS,2022,91.0
EGY,Egypt,AFRICA,2020,50.0
EGY,Egypt,AFRICA,2021,51.0
EGY,Egypt,AFRICA,2022,52.0
ERI,Eritrea,AFRICA,2020,42.0
ERI,Eritrea,AFRICA,2021,43.0
ERI,Eritrea,AFRICA,2022,43.0
ESP,Spain,EUROPE,2020,188.0
ESP,Spain,EUROPE,2021,189.0
ESP,Spain,EUROPE,2022,189.0
EST,Estonia,EUROPE,2020,179.0
EST,Estonia,EUROPE,2021,181.0
EST,Estonia,EUROPE,2022,181.0
ETH,Ethiopia,AFRICA,2020,44.0
ETH,Ethiopia,AFRICA,2021,45.0
ETH,Ethiopia,AFRICA,2022,45.0
FIN,Finland,EUROPE,2020,188.0
FIN,Finland,EUROPE,2021,189.0
FIN,Finland,EUROPE,2022,189.0
FJI,Fiji,OCEANIA,2020,88.0
FJI,Fiji,OCEANIA,2021,88.0
FJI,Fiji,OCEANIA,2022,88.0
FRA,France,EUROPE,2020,186.0
FRA,France,EUROPE,2021,187.0
FRA,France,EUROPE,2022,188.0
FSM,Micronesia,OCEANIA,2020,118.0
FSM,Micronesia,OCEANIA,2021,117.0
FSM,Micronesia,OCEANIA,2022,117.0
GAB,Gabon,AFRICA,2020,57.0
GAB,Gabon,AFRICA,2021,57.0
GAB,Gabon,AFRICA,2022,57.0
GBR,United Kingdom,EUROPE,2020,185.0
GBR,United Kingdom,EUROPE,2021,185.0
GBR,United Kingdom,EUROPE,2022,186.0
GEO,Georgia,EUROPE,2020,115.0
GEO,Georgia,EUROPE,2021,115.0
GEO,Georgia,EUROPE,2022,115.0
GHA,Ghana,AFRICA,2020,65.0
GHA,Ghana,AFRICA,2021,64.0
GHA,Ghana,AFRICA,2022,64.0
GIN,Guinea,AFRICA,2020,55.0
GIN,Guinea,AFRICA,2021,54.0
GIN,Guinea,AFRICA,2022,54.0
GMB,The Gambia,AFRICA,2020,68.0
GMB,The Gambia,AFRICA,2021,68.0
GMB,The Gambia,AFRICA,2022,68.0
GNB,Guinea-Bissau,AFRICA,2020,53.0
GNB,Guinea-Bissau,AFRICA,2021,52.0
GNB,Guinea-Bissau,AFRICA,2022,52.0
GNQ,Equatorial Guinea,AFRICA,2020,55.0
GNQ,Equatorial Guinea,AFRICA,2021,55.0
GNQ,Equatorial Guinea,AFRICA,2022,55.0
GRC,Greece,EUROPE,2020,184.0
GRC,Greece,EUROPE,2021,185.0
GRC,Greece,EUROPE,2022,185.0
GRD,Grenada,CARIBBEAN,2020,144.0
GRD,Grenada,CARIBBEAN,2021,144.0
GRD,Grenada,CARIBBEAN,2022,144.0
GTM,Guatemala,AMERICAS,2020,133.0
GTM,Guatemala,AMERICAS,2021,132.0
GTM,Guatemala,AMERICAS,2022,133.0
GUY,Guyana,AMERICAS,2020,88.0
GUY,Guyana,AMERICAS,2021,87.0
GUY,Guyana,AMERICAS,2022,87.0
HKG,Hong Kong (SAR China),ASIA,2020,170.0
HKG,Hong Kong (SAR China),ASIA,2021,171.0
HKG,Hong Kong (SAR China),ASIA,2022,171.0
HND,Honduras,AMERICAS,2020,134.0
HND,Honduras,AMERICAS,2021,132.0
HND,Honduras,AMERICAS,2022,133.0
HRV,Croatia,EUROPE,2020,171.0
HRV,Croatia,EUROPE,2021,172.0
HRV,Croatia,EUROPE,2022,173.0
HTI,Haiti,CARIBBEAN,2020,49.0
HTI,Haiti,CARIBBEAN,2021,48.0
HTI,Haiti,CARIBBEAN,2022,48.0
HUN,Hungary,EUROPE,2020,182.0
HUN,Hungary,EUROPE,2021,183.0
HUN,Hungary,EUROPE,2022,183.0
IDN,Indonesia,ASIA,2020,71.0
IDN,Indonesia,ASIA,2021,71.0
IDN,Indonesia,ASIA,2022,71.0
IND,India,ASIA,2020,58.0
IND,India,ASIA,2021,58.0
IND,India,ASIA,2022,60.0
IRL,Ireland,EUROPE,2020,186.0
IRL,Ireland,EUROPE,2021,187.0
IRL,Ireland,EUROPE,2022,187.0
IRN,Iran,MIDDLE EAST,2020,41.0
IRN,Iran,MIDDLE EAST,2021,41.0
IRN,Iran,MIDDLE EAST,2022,42.0
IRQ,Iraq,MIDDLE EAST,2020,28.0
IRQ,Iraq,MIDDLE EAST,2021,28.0
IRQ,Iraq,MIDDLE EAST,2022,28.0
ISL,Iceland,EUROPE,2020,180.0
ISL,Iceland,EUROPE,2021,180.0
ISL,Iceland,EUROPE,2022,180.0
ISR,Israel,MIDDLE EAST,2020,160.0
ISR,Israel,MIDDLE EAST,2021,158.0
ISR,Israel,MIDDLE EAST,2022,159.0
ITA,Italy,EUROPE,2020,188.0
ITA,Italy,EUROPE,2021,189.0
ITA,Italy,EUROPE,2022,189.0
JAM,Jamaica,CARIBBEAN,2020,86.0
JAM,Jamaica,CARIBBEAN,2021,85.0
JAM,Jamaica,CARIBBEAN,2022,85.0
JOR,Jordan,MIDDLE EAST,2020,51.0
JOR,Jordan,MIDDLE EAST,2021,50.0
JOR,Jordan,MIDDLE EAST,2022,52.0
JPN,Japan,ASIA,2020,191.0
JPN,Japan,ASIA,2021,192.0
JPN,Japan,ASIA,2022,192.0
KAZ,Kazakhstan,ASIA,2020,75.0
KAZ,Kazakhstan,ASIA,2021,74.0
KAZ,Kazakhstan,ASIA,2022,75.0
KEN,Kenya,AFRICA,2020,72.0
KEN,Kenya,AFRICA,2021,72.0
KEN,Kenya,AFRICA,2022,72.0
KGZ,Kyrgyzstan,ASIA,2020,63.0
KGZ,Kyrgyzstan,ASIA,2021,62.0
KGZ,Kyrgyzstan,ASIA,2022,63.0
KHM,Cambodia,ASIA,2020,54.0
KHM,Cambodia,ASIA,2021,53.0
KHM,Cambodia,ASIA,2022,53.0
KIR,Kiribati,OCEANIA,2020,123.0
KIR,Kiribati,OCEANIA,2021,123.0
KIR,Kiribati,OCEANIA,2022,123.0
KNA,St. Kitts and Nevis,CARIBBEAN,2020,156.0
KNA,St. Kitts and Nevis,CARIBBEAN,2021,157.0
KNA,St. Kitts and Nevis,CARIBBEAN,2022,157.0
KOR,South Korea,ASIA,2020,189.0
KOR,South Korea,ASIA,2021,190.0
KOR,South Korea,ASIA,2022,190.0
KOS,Kosovo,EUROPE,2020,40.0
KOS,Kosovo,EUROPE,2021,40.0
KOS,Kosovo,EUROPE,2022,40.0
KWT,Kuwait,MIDDLE EAST,2020,96.0
KWT,Kuwait,MIDDLE EAST,2021,95.0
KWT,Kuwait,MIDDLE EAST,2022,95.0
LAO,Laos,ASIA,2020,50.0
LAO,Laos,ASIA,2021,49.0
LAO,Laos,ASIA,2022,50.0
LBN,Lebanon,MIDDLE EAST,2020,40.0
LBN,Lebanon,MIDDLE EAST,2021,41.0
LBN,Lebanon,MIDDLE EAST,2022,41.0
LBR,Liberia,AFRICA,2020,49.0
LBR,Liberia,AFRICA,2021,49.0
LBR,Liberia,AFRICA,2022,49.0
LBY,Libya,AFRICA,2020,38.0
LBY,Libya,AFRICA,2021,40.0
LBY,Libya,AFRICA,2022,40.0
LCA,St. Lucia,CARIBBEAN,2020,146.0
LCA,St. Lucia,CARIBBEAN,2021,146.0
LCA,St. Lucia,CARIBBEAN,2022,146.0
LIE,Liechtenstein,EUROPE,2020,178.0
LIE,Liechtenstein,EUROPE,2021,178.0
LIE,Liechtenstein,EUROPE,2022,178.0
LKA,Sri Lanka,ASIA,2020,42.0
LKA,Sri Lanka,ASIA,2021,41.0
LKA,Sri Lanka,ASIA,2022,41.0
LSO,Lesotho,AFRICA,2020,76.0
LSO,Lesotho,AFRICA,2021,77.0
LSO,Lesotho,AFRICA,2022,77.0
LTU,Lithuania,EUROPE,2020,181.0
LTU,Lithuania,EUROPE,2021,182.0
LTU,Lithuania,EUROPE,2022,182.0
LUX,Luxembourg,EUROPE,2020,188.0
LUX,Luxembourg,EUROPE,2021,189.0
LUX,Luxembourg,EUROPE,2022,189.0
LVA,Latvia,EUROPE,2020,180.0
LVA,Latvia,EUROPE,2021,181.0
LVA,Latvia,EUROPE,2022,181.0
MAC,Macao (SAR China),ASIA,2020,144.0
MAC,Macao (SAR China),ASIA,2021,144.0
MAC,Macao (SAR China),ASIA,2022,144.0
MAR,Morocco,AFRICA,2020,64.0
MAR,Morocco,AFRICA,2021,63.0
MAR,Morocco,AFRICA,2022,64.0
MCO,Monaco,EUROPE,2020,174.0
MCO,Monaco,EUROPE,2021,174.0
MCO,Monaco,EUROPE,2022,174.0
MDA,Moldova,EUROPE,2020,120.0
MDA,Moldova,EUROPE,2021,120.0
MDA,Moldova,EUROPE,2022,120.0
MDG,Madagascar,AFRICA,2020,55.0
MDG,Madagascar,AFRICA,2021,55.0
MDG,Madagascar,AFRICA,2022,55.0
MDV,Maldives,ASIA,2020,85.0
MDV,Maldives,ASIA,2021,87.0
MDV,Maldives,ASIA,2022,88.0
MEX,Mexico,AMERICAS,2020,159.0
MEX,Mexico,AMERICAS,2021,158.0
MEX,Mexico,AMERICAS,2022,159.0
MHL,Marshall Islands,OCEANIA,2020,123.0
MHL,Marshall Islands,OCEANIA,2021,122.0
MHL,Marshall Islands,OCEANIA,2022,122.0
MKD,North Macedonia,EUROPE,2020,124.0
MKD,North Macedonia,EUROPE,2021,125.0
MKD,North Macedonia,EUROPE,2022,125.0
MLI,Mali,AFRICA,2020,54.0
MLI,Mali,AFRICA,2021,54.0
MLI,Mali,AFRICA,2022,54.0
MLT,Malta,EUROPE,2020,184.0
MLT,Malta,EUROPE,2021,185.0
MLT,Malta,EUROPE,2022,185.0
MMR,Myanmar,ASIA,2020,47.0
MMR,Myanmar,ASIA,2021,46.0
MMR,Myanmar,ASIA,2022,46.0
MNE,Montenegro,EUROPE,2020,124.0
MNE,Montenegro,EUROPE,2021,123.0
MNE,Montenegro,EUROPE,2022,123.0
MNG,Mongolia,ASIA,2020,62.0
MNG,Mongolia,ASIA,2021,61.0
MNG,Mongolia,ASIA,2022,61.0
MOZ,Mozambique,AFRICA,2020,62.0
MOZ,Mozambique,AFRICA,2021,62.0
MOZ,Mozambique,AFRICA,2022,62.0
MRT,Mauritania,AFRICA,2020,59.0
MRT,Mauritania,AFRICA,2021,59.0
MRT,Mauritania,AFRICA,2022,59.0
MUS,Mauritius,AFRICA,2020,148.0
MUS,Mauritius,AFRICA,2021,146.0
MUS,Mauritius,AFRICA,2022,146.0
MWI,Malawi,AFRICA,2020,73.0
MWI,Malawi,AFRICA,2021,73.0
MWI,Malawi,AFRICA,2022,73.0
MYS,Malaysia,ASIA,2020,178.0
MYS,Malaysia,ASIA,2021,179.0
MYS,Malaysia,ASIA,2022,179.0
NAM,Namibia,AFRICA,2020,77.0
NAM,Namibia,AFRICA,2021,78.0
NAM,Namibia,AFRICA,2022,78.0
NER,Niger,AFRICA,2020,54.0
NER,Niger,AFRICA,2021,53.0
NER,Niger,AFRICA,2022,53.0
NGA,Nigeria,AFRICA,2020,46.0
NGA,Nigeria,AFRICA,2021,45.0
NGA,Nigeria,AFRICA,2022,45.0
NIC,Nicaragua,AMERICAS,2020,129.0
NIC,Nicaragua,AMERICAS,2021,126.0
NIC,Nicaragua,AMERICAS,2022,127.0
NLD,Netherlands,EUROPE,2020,186.0
NLD,Netherlands,EUROPE,2021,187.0
NLD,Netherlands,EUROPE,2022,188.0
NOR,Norway,EUROPE,2020,185.0
NOR,Norway,EUROPE,2021,185.0
NOR,Norway,EUROPE,2022,186.0
NPL,Nepal,ASIA,2020,38.0
NPL,Nepal,ASIA,2021,37.0
NPL,Nepal,ASIA,2022,37.0
NRU,Nauru,OCEANIA,2020,89.0
NRU,Nauru,OCEANIA,2021,89.0
NRU,Nauru,OCEANIA,2022,89.0
NZL,New Zealand,OCEANIA,2020,185.0
NZL,New Zealand,OCEANIA,2021,186.0
NZL,New Zealand,OCEANIA,2022,186.0
OMN,Oman,MIDDLE EAST,2020,80.0
OMN,Oman,MIDDLE EAST,2021,80.0
OMN,Oman,MIDDLE EAST,2022,80.0
PAK,Pakistan,ASIA,2020,32.0
PAK,Pakistan,ASIA,2021,31.0
PAK,Pakistan,ASIA,2022,31.0
PAN,Panama,AMERICAS,2020,142.0
PAN,Panama,AMERICAS,2021,141.0
PAN,Panama,AMERICAS,2022,142.0
PER,Peru,AMERICAS,2020,135.0
PER,Peru,AMERICAS,2021,134.0
PER,Peru,AMERICAS,2022,135.0
PHL,Philippines,ASIA,2020,66.0
PHL,Philippines,ASIA,2021,65.0
PHL,Philippines,ASIA,2022,66.0
PLW,Palau Islands,OCEANIA,2020,120.0
PLW,Palau Islands,OCEANIA,2021,119.0
PLW,Palau Islands,OCEANIA,2022,119.0
PNG,Papua New Guinea,OCEANIA,2020,84.0
PNG,Papua New Guinea,OCEANIA,2021,82.0
PNG,Papua New Guinea,OCEANIA,2022,82.0
POL,Poland,EUROPE,2020,181.0
POL,Poland,EUROPE,2021,182.0
POL,Poland,EUROPE,2022,183.0
PRK,North Korea,ASIA,2020,39.0
PRK,North Korea,ASIA,2021,39.0
PRK,North Korea,ASIA,2022,39.0
PRT,Portugal,EUROPE,2020,186.0
PRT,Portugal,EUROPE,2021,187.0
PRT,Portugal,EUROPE,2022,187.0
PRY,Paraguay,AMERICAS,2020,141.0
PRY,Paraguay,AMERICAS,2021,141.0
PRY,Paraguay,AMERICAS,2022,141.0
PSE,Palestinian Territory,MIDDLE EAST,2020,38.0
PSE,Palestinian Territory,MIDDLE EAST,2021,37.0
PSE,Palestinian Territory,MIDDLE EAST,2022,37.0
QAT,Qatar,MIDDLE EAST,2020,95.0
QAT,Qatar,MIDDLE EAST,2021,97.0
QAT,Qatar,MIDDLE EAST,2022,97.0
ROU,Romania,EUROPE,2020,172.0
ROU,Romania,EUROPE,2021,174.0
ROU,Romania,EUROPE,2022,174.0
RUS,Russian Federation,EUROPE,2020,117.0
RUS,Russian Federation,EUROPE,2021,118.0
RUS,Russian Federation,EUROPE,2022,119.0
RWA,Rwanda,AFRICA,2020,60.0
RWA,Rwanda,AFRICA,2021,61.0
RWA,Rwanda,AFRICA,2022,61.0
SAU,Saudi Arabia,MIDDLE EAST,2020,78.0
SAU,Saudi Arabia,MIDDLE EAST,2021,79.0
SAU,Saudi Arabia,MIDDLE EAST,2022,79.0
SDN,Sudan,AFRICA,2020,40.0
SDN,Sudan,AFRICA,2021,41.0
SDN,Sudan,AFRICA,2022,41.0
SEN,Senegal,AFRICA,2020,56.0
SEN,Senegal,AFRICA,2021,56.0
SEN,Senegal,AFRICA,2022,56.0
SGP,Singapore,ASIA,2020,190.0
SGP,Singapore,ASIA,2021,192.0
SGP,Singapore,ASIA,2022,192.0
SLB,Solomon Islands,OCEANIA,2020,131.0
SLB,Solomon Islands,OCEANIA,2021,131.0
SLB,Solomon Islands,OCEANIA,2022,131.0
SLE,Sierra Leone,AFRICA,2020,63.0
SLE,Sierra Leone,AFRICA,2021,63.0
SLE,Sierra Leone,AFRICA,2022,63.0
SLV,El Salvador,AMERICAS,2020,134.0
SLV,El Salvador,AMERICAS,2021,133.0
SLV,El Salvador,AMERICAS,2022,134.0
SMR,San Marino,EUROPE,2020,168.0
SMR,San Marino,EUROPE,2021,169.0
SMR,San Marino,EUROPE,2022,169.0
SOM,Somalia,AFRICA,2020,33.0
SOM,Somalia,AFRICA,2021,34.0
SOM,Somalia,AFRICA,2022,34.0
SRB,Serbia,EUROPE,2020,134.0
SRB,Serbia,EUROPE,2021,135.0
SRB,Serbia,EUROPE,2022,135.0
SSD,South Sudan,AFRICA,2020,43.0
SSD,South Sudan,AFRICA,2021,44.0
SSD,South Sudan,AFRICA,2022,44.0
STP,Sao Tome and Principe,AFRICA,2020,61.0
STP,Sao Tome and Principe,AFRICA,2021,60.0
STP,Sao Tome and Principe,AFRICA,2022,60.0
SUR,Suriname,AMERICAS,2020,78.0
SUR,Suriname,AMERICAS,2021,77.0
SUR,Suriname,AMERICAS,2022,77.0
SVK,Slovakia,EUROPE,2020,181.0
SVK,Slovakia,EUROPE,2021,182.0
SVK,Slovakia,EUROPE,2022,182.0
SVN,Slovenia,EUROPE,2020,180.0
SVN,Slovenia,EUROPE,2021,181.0
SVN,Slovenia,EUROPE,2022,181.0
SWE,Sweden,EUROPE,2020,186.0
SWE,Sweden,EUROPE,2021,187.0
SWE,Sweden,EUROPE,2022,188.0
SWZ,eSwatini,AFRICA,2020,74.0
SWZ,eSwatini,AFRICA,2021,74.0
SWZ,eSwatini,AFRICA,2022,74.0
SYC,Seychelles,AFRICA,2020,151.0
SYC,Seychelles,AFRICA,2021,152.0
SYC,Seychelles,AFRICA,2022,152.0
SYR,Syria,MIDDLE EAST,2020,29.0
SYR,Syria,MIDDLE EAST,2021,29.0
SYR,Syria,MIDDLE EAST,2022,29.0
TCD,Chad,AFRICA,2020,53.0
TCD,Chad,AFRICA,2021,53.0
TCD,Chad,AFRICA,2022,53.0
TGO,Togo,AFRICA,2020,55.0
TGO,Togo,AFRICA,2021,54.0
TGO,Togo,AFRICA,2022,54.0
THA,Thailand,ASIA,2020,79.0
THA,Thailand,ASIA,2021,79.0
THA,Thailand,ASIA,2022,79.0
TJK,Tajikistan,ASIA,2020,58.0
TJK,Tajikistan,ASIA,2021,58.0
TJK,Tajikistan,ASIA,2022,59.0
TKM,Turkmenistan,ASIA,2020,53.0
TKM,Turkmenistan,ASIA,2021,52.0
TKM,Turkmenistan,ASIA,2022,52.0
TLS,Timor-Leste,ASIA,2020,95.0
TLS,Timor-Leste,ASIA,2021,93.0
TLS,Timor-Leste,ASIA,2022,93.0
TON,Tonga,OCEANIA,2020,125.0
TON,Tonga,OCEANIA,2021,129.0
TON,Tonga,OCEANIA,2022,129.0
TTO,Trinidad and Tobago,CARIBBEAN,2020,150.0
TTO,Trinidad and Tobago,CARIBBEAN,2021,150.0
TTO,Trinidad and Tobago,CARIBBEAN,2022,150.0
TUN,Tunisia,AFRICA,2020,71.0
TUN,Tunisia,AFRICA,2021,71.0
TUN,Tunisia,AFRICA,2022,71.0
TUR,Türkiye,EUROPE,2020,111.0
TUR,Türkiye,EUROPE,2021,110.0
TUR,Türkiye,EUROPE,2022,110.0
TUV,Tuvalu,OCEANIA,2020,127.0
TUV,Tuvalu,OCEANIA,2021,127.0
TUV,Tuvalu,OCEANIA,2022,127.0
TWN,Taiwan (Chinese Taipei),ASIA,2020,146.0
TWN,Taiwan (Chinese Taipei),ASIA,2021,145.0
TWN,Taiwan (Chinese Taipei),ASIA,2022,145.0
TZA,Tanzania,AFRICA,2020,71.0
TZA,Tanzania,AFRICA,2021,72.0
TZA,Tanzania,AFRICA,2022,72.0
UGA,Uganda,AFRICA,2020,67.0
UGA,Uganda,AFRICA,2021,67.0
UGA,Uganda,AFRICA,2022,67.0
UKR,Ukraine,EUROPE,2020,129.0
UKR,Ukraine,EUROPE,2021,136.0
UKR,Ukraine,EUROPE,2022,141.0
URY,Uruguay,AMERICAS,2020,153.0
URY,Uruguay,AMERICAS,2021,153.0
URY,Uruguay,AMERICAS,2022,153.0
USA,United States,AMERICAS,2020,185.0
USA,United States,AMERICAS,2021,185.0
USA,United States,AMERICAS,2022,186.0
UZB,Uzbekistan,ASIA,2020,57.0
UZB,Uzbekistan,ASIA,2021,56.0
UZB,Uzbekistan,ASIA,2022,57.0
VAT,Vatican City,EUROPE,2020,154.0
VAT,Vatican City,EUROPE,2021,153.0
VAT,Vatican City,EUROPE,2022,153.0
VCT,St. Vincent and the Grenadines,CARIBBEAN,2020,148.0
VCT,St. Vincent and the Grenadines,CARIBBEAN,2021,151.0
VCT,St. Vincent and the Grenadines,CARIBBEAN,2022,151.0
VEN,Venezuela,AMERICAS,2020,129.0
VEN,Venezuela,AMERICAS,2021,129.0
VEN,Venezuela,AMERICAS,2022,129.0
VNM,Vietnam,ASIA,2020,54.0
VNM,Vietnam,ASIA,2021,53.0
VNM,Vietnam,ASIA,2022,54.0
VUT,Vanuatu,OCEANIA,2020,130.0
VUT,Vanuatu,OCEANIA,2021,135.0
VUT,Vanuatu,OCEANIA,2022,135.0
WSM,Samoa,OCEANIA,2020,131.0
WSM,Samoa,OCEANIA,2021,131.0
WSM,Samoa,OCEANIA,2022,131.0
YEM,Yemen,MIDDLE EAST,2020,33.0
YEM,Yemen,MIDDLE EAST,2021,33.0
YEM,Yemen,MIDDLE EAST,2022,33.0
ZAF,South Africa,AFRICA,2020,101.0
ZAF,South Africa,AFRICA,2021,103.0
ZAF,South Africa,AFRICA,2022,104.0
ZMB,Zambia,AFRICA,2020,71.0
ZMB,Zambia,AFRICA,2021,71.0
ZMB,Zambia,AFRICA,2022,71.0
ZWE,Zimbabwe,AFRICA,2020,65.0
ZWE,Zimbabwe,AFRICA,2021,65.0
ZWE,Zimbabwe,AFRICA,2022,65.0
